<?xml version="1.0" encoding="utf-8"?>
<!--
 * @package		Joomla.Administrator
 * @subpackage 	com_ktbtracker
 * 
 * @copyright	Copyright (C) 2012-2017 David Uczen Photography, Inc. All Rights Reserved.
 * @license		Licensed Materials - Property of David Uczen Photography, Inc.; see LICENSE.txt
 *
 * $Id$
-->
<extension type="component" version="3.2" method="upgrade">
	<name>com_ktbtracker</name>
	<creationDate>September 2017</creationDate>
	<copyright>Copyright (C) 2012-2017 David Uczen Photography, Inc. All Rights Reserved.</copyright>
	<license>Licensed Materials - Property of David Uczen Photography, Inc.; see LICENSE.txt</license>
	<author>David Uczen Photography, Inc.</author>
	<authorEmail>info@daviduczenphotography.com</authorEmail>
	<authorUrl>http://www.daviduczenphotography.com</authorUrl>
	<version>3.0.1</version>
	<description>COM_KTBTRACKER_XML_DESCRIPTION</description>
 
 	<scriptfile>installer.script.php</scriptfile>
 	
	<install> <!-- Runs on install -->
		<sql>
			<file driver="mysql" charset="utf8">sql/install.mysql.utf8.sql</file>
		</sql>
	</install>
	<uninstall> <!-- Runs on uninstall -->
		<sql>
			<file driver="mysql" charset="utf8">sql/uninstall.mysql.utf8.sql</file>
		</sql>
	</uninstall>
	<update> <!-- Runs on update; New in 2.5 -->
		<schemas>
			<schemapath type="mysql">sql/updates/mysql</schemapath>
		</schemas>
	</update>
 
	<!-- Site Main File Copy Section -->
	<!-- Note the folder attribute: This attribute describes the folder
		to copy FROM in the package to install therefore files copied
		in this section are copied from /site/ in the package -->
	<files folder="site">
		<folder>controllers</folder>
		<folder>helpers</folder>
		<folder>models</folder>
		<folder>views</folder>
		<filename>controller.php</filename>
		<filename>index.html</filename>
		<filename>ktbtracker.php</filename>
	</files>	
 
 	<media folder="media" destination="com_ktbtracker">
		<folder>css</folder>
		<folder>images</folder>
		<folder>js</folder>
	</media>
	
 	<languages folder="site/language">
		<language tag="en-GB">en-GB/en-GB.com_ktbtracker.ini</language>
		<language tag="ko-KR">ko-KR/ko-KR.com_ktbtracker.ini</language>
	</languages>
 
	<administration>
		<!-- Administration Menu Section -->
		<menu img="../media/com_ktbtracker/images/ktb.png">COM_KTBTRACKER_MENU_TITLE</menu>
		<submenu>
			<menu>COM_KTBTRACKER_DASHBOARD_SUBMENU_TITLE</menu>
			<menu view="cycles">COM_KTBTRACKER_CYCLES_SUBMENU_TITLE</menu>
			<menu view="candidates">COM_KTBTRACKER_CANDIDATES_SUBMENU_TITLE</menu>
			<menu view="tracking">COM_KTBTRACKER_TRACKING_SUBMENU_TITLE</menu>
			<menu view="masters">COM_KTBTRACKER_MASTERS_SUBMENU_TITLE</menu>
		</submenu>
		<!-- Administration Main File Copy Section -->
		<!-- Note the folder attribute: This attribute describes the folder
			to copy FROM in the package to install therefore files copied
			in this section are copied from /admin/ in the package -->
		<files folder="admin">
			<!-- Admin Main File Copy Section -->
			<folder>controllers</folder>
			<folder>helpers</folder>
			<folder>models</folder>
			<folder>sql</folder>
			<folder>tables</folder>
			<folder>views</folder>
			<filename>access.xml</filename>
			<filename>config.xml</filename>
			<filename>controller.php</filename>
			<filename>index.html</filename>
			<filename>ktbtracker.php</filename>
		</files>
		
 		<languages folder="admin/language">
			<language tag="en-GB">en-GB/en-GB.com_ktbtracker.ini</language>
			<language tag="en-GB">en-GB/en-GB.com_ktbtracker.sys.ini</language>
			<language tag="ko-KR">ko-KR/ko-KR.com_ktbtracker.ini</language>
			<language tag="ko-KR">ko-KR/ko-KR.com_ktbtracker.sys.ini</language>
		</languages>

	</administration>
 
</extension>
