<?xml version="1.0" encoding="utf-8"?>
<!--
 * @package		Joomla.Administrator
 * @subpackage 	com_ktbtracker
 * 
 * @copyright	Copyright (C) 2012-2017 David Uczen Photography, Inc. All Rights Reserved.
 * @license		Licensed Materials - Property of David Uczen Photography, Inc.; see LICENSE.txt
 *
 * $Id$
-->
<access component="com_ktbtracker">
	<section name="component">
		<action name="core.admin" title="JACTION_ADMIN" description="JACTION_ADMIN_COMPONENT_DESC" />
		<action name="core.manage" title="JACTION_MANAGE" description="JACTION_MANAGE_COMPONENT_DESC" />
		<action name="core.create" title="JACTION_CREATE" description="JACTION_CREATE_COMPONENT_DESC" />
		<action name="core.delete" title="JACTION_DELETE" description="JACTION_DELETE_COMPONENT_DESC" />
		<action name="core.edit" title="JACTION_EDIT" description="JACTION_EDIT_COMPONENT_DESC" />
		<action name="core.edit.own" title="JACTION_EDITOWN" description="JACTION_EDITOWN_COMPONENT_DESC" />
		<action name="core.edit.state" title="JACTION_EDITSTATE" description="JACTION_EDITSTATE_COMPONENT_DESC" />
	</section>
</access>
